id,data1,data2,email,gender,ip_address
1,363,1,5203,Female,23.65.175.75
2,337,2,9405,Female,5.220.163.32
3,223,3,1350,Female,216.43.54.195
4,452,4,1120,Male,140.116.107.242
5,348,5,5564,Female,49.147.181.238
6,886,6,-928,Female,100.211.118.67
7,205,7,9265,Male,192.153.122.55
8,532,8,8837,Female,166.169.209.116
9,318,9,9124,Female,6.202.198.25
10,770,10,3804,Male,123.90.101.123
11,593,11,4312,Female,111.64.27.44
12,329,12,623,Female,88.85.239.27
13,809,13,4373,Male,108.151.240.9
14,827,14,3581,Male,29.135.242.88
15,566,15,2696,Male,144.219.231.127
16,127,16,8602,Female,158.200.95.110
17,224,17,59,Female,179.151.62.220
18,666,18,6901,Female,138.12.105.131
19,215,19,808,Female,134.62.6.72
20,322,20,3294,Female,140.13.49.169
21,843,21,1040,Male,246.113.27.250
22,600,22,5935,Male,9.188.27.80
23,857,23,6422,Male,233.209.0.211
24,125,24,831,Female,230.148.218.193
25,489,25,1792,Female,78.69.31.168
26,569,26,5320,Female,0.147.50.0
27,727,27,-412,Male,49.190.19.190
28,208,28,6331,Male,5.100.166.168
29,662,29,-553,Male,244.111.153.14
30,439,30,281,Male,86.82.96.38
31,955,31,8592,Male,183.145.81.239
32,336,32,2662,Female,64.43.46.104
33,462,33,3589,Female,60.226.79.51
34,804,34,3997,Female,43.77.138.51
35,644,35,6802,Male,167.13.219.54
36,132,36,729,Male,192.179.130.193
37,905,37,7606,Female,145.202.112.183
38,101,38,1591,Female,31.15.218.68
39,65,39,688,Female,51.154.85.101
40,734,40,477,Male,48.119.165.16
41,811,41,6385,Male,240.91.180.225
42,135,42,4204,Male,59.60.17.120
43,852,43,2400,Female,126.209.154.29
44,32,44,8046,Male,107.170.97.16
45,825,45,5359,Male,243.183.230.54
46,958,46,3993,Male,138.250.50.107
47,21,47,5248,Female,122.175.193.200
48,823,48,5972,Female,237.109.43.241
49,174,49,6367,Female,61.98.194.244
50,82,50,326,Male,179.3.78.73
51,475,51,9660,Male,93.182.35.22
52,566,52,376,Male,120.106.143.106
53,472,53,-11,Male,186.101.15.92
54,984,54,4979,Female,7.105.195.85
55,679,55,9898,Male,213.188.221.91
56,558,56,7961,Female,206.40.152.252
57,741,57,8174,Female,118.251.168.188
58,608,58,-374,Female,66.44.1.53
59,712,59,5308,Male,195.43.219.82
60,248,60,1103,Male,156.20.134.112
61,422,61,-733,Female,130.253.210.180
62,586,62,3462,Male,113.169.189.19
63,910,63,6546,Male,7.89.151.245
64,811,64,2712,Male,107.52.9.235
65,305,65,7123,Male,202.17.143.20
66,737,66,9966,Male,142.53.216.77
67,612,67,8632,Male,96.192.26.160
68,848,68,-922,Male,64.50.162.150
69,16,69,-624,Female,35.85.186.231
70,581,70,3007,Female,164.145.244.156
71,613,71,9686,Male,29.202.207.185
72,57,72,6693,Female,198.134.90.208
73,810,73,8993,Female,169.29.69.94
74,985,74,4060,Male,215.191.80.203
75,601,75,9614,Female,157.2.177.102
76,469,76,300,Female,231.245.60.193
77,94,77,6681,Male,190.115.106.171
78,198,78,3882,Male,51.14.138.56
79,923,79,5787,Female,0.32.12.226
80,716,80,1843,Female,210.45.20.128
81,702,81,5221,Female,45.240.180.116
82,842,82,716,Male,44.79.70.195
83,67,83,1981,Male,203.36.243.99
84,397,84,5467,Female,76.36.240.33
85,717,85,9237,Male,64.113.88.8
86,805,86,3087,Male,239.95.136.74
87,209,87,-619,Female,217.48.88.174
88,526,88,9372,Male,63.73.118.44
89,685,89,2993,Male,127.51.58.144
90,860,90,8349,Male,27.167.39.198
91,737,91,4925,Male,206.43.115.22
92,205,92,8160,Male,134.36.57.7
93,107,93,6925,Male,138.116.196.143
94,473,94,5011,Female,101.140.107.166
95,372,95,8623,Female,246.186.139.209
96,967,96,6510,Male,152.158.255.185
97,474,97,6094,Male,112.230.130.250
98,293,98,3306,Male,28.98.32.175
99,826,99,4983,Female,146.144.161.248
100,160,100,2799,Male,218.95.234.220
101,836,101,2586,Male,184.152.237.146
102,156,102,8643,Male,224.1.217.7
103,85,103,2240,Male,197.161.235.14
104,280,104,-55,Male,26.224.50.83
105,823,105,3222,Female,132.43.191.26
106,576,106,9939,Male,235.220.142.128
107,498,107,-331,Female,7.29.73.193
108,228,108,1949,Male,202.242.105.108
109,535,109,112,Male,66.117.38.192
110,215,110,3083,Female,41.136.12.25
111,574,111,6312,Female,63.43.27.73
112,485,112,9765,Male,159.82.159.62
113,811,113,-378,Female,214.222.38.137
114,839,114,3973,Female,22.151.148.109
115,11,115,5274,Female,110.209.142.199
116,659,116,5339,Male,1.112.5.168
117,752,117,9600,Male,127.86.91.76
118,315,118,9131,Female,173.118.219.132
119,282,119,6586,Female,170.31.193.124
120,103,120,4173,Female,112.182.18.204
121,816,121,5788,Male,113.32.192.73
122,372,122,1399,Female,150.53.164.80
123,138,123,-44,Male,25.9.234.121
124,530,124,9676,Male,243.154.244.204
125,448,125,2075,Male,253.36.142.209
126,808,126,8489,Female,95.173.51.236
127,514,127,7728,Male,239.252.62.167
128,47,128,7611,Male,230.183.88.43
129,255,129,3326,Female,30.72.126.225
130,571,130,-49,Male,46.223.188.244
131,226,131,6520,Female,12.233.195.58
132,920,132,186,Female,17.92.109.242
133,613,133,1185,Male,76.86.167.192
134,612,134,7951,Male,2.176.167.195
135,219,135,1244,Female,114.219.149.145
136,473,136,286,Female,175.91.95.225
137,362,137,3283,Male,80.93.23.108
138,296,138,3618,Male,110.172.132.60
139,349,139,3584,Female,83.70.48.254
140,119,140,8946,Female,189.72.190.127
141,987,141,3000,Male,98.39.175.109
142,229,142,8608,Female,194.110.141.97
143,286,143,348,Female,173.11.187.35
144,304,144,1942,Male,12.255.150.103
145,306,145,-485,Male,224.199.116.233
146,57,146,8220,Male,30.123.154.220
147,901,147,2107,Female,226.178.72.112
148,538,148,3577,Male,202.115.208.114
149,27,149,865,Female,168.28.43.106
150,29,150,-937,Male,1.50.12.50
151,15,151,41,Male,22.130.2.209
152,629,152,7462,Female,135.139.48.175
153,680,153,3222,Male,86.109.68.218
154,101,154,86,Male,96.234.252.143
155,66,155,5092,Female,41.107.63.28
156,465,156,8197,Male,169.9.222.76
157,875,157,1196,Male,178.59.8.207
158,528,158,610,Female,31.137.214.116
159,488,159,3732,Male,213.245.89.184
160,950,160,7982,Female,180.44.13.21
161,50,161,939,Male,3.203.255.209
162,92,162,8433,Female,64.16.229.185
163,479,163,804,Female,119.62.68.24
164,289,164,8229,Male,69.135.252.184
165,137,165,4035,Male,115.85.16.211
166,776,166,4085,Female,254.84.238.58
167,653,167,7604,Male,210.96.136.87
168,758,168,-972,Female,193.176.206.20
169,864,169,2923,Male,27.169.108.166
170,596,170,5447,Female,247.165.70.170
171,709,171,4253,Male,138.161.214.16
172,199,172,-571,Male,61.117.63.54
173,540,173,-234,Male,227.205.158.111
174,295,174,9419,Female,60.47.38.134
175,22,175,1810,Male,118.202.160.35
176,677,176,7959,Female,213.103.50.195
177,308,177,7654,Female,206.41.223.2
178,144,178,58,Female,204.69.214.137
179,70,179,7875,Female,176.138.207.188
180,555,180,1255,Female,232.135.181.101
181,519,181,3073,Female,42.87.205.137
182,599,182,6870,Male,133.202.97.75
183,902,183,7008,Female,192.84.142.82
184,299,184,1954,Male,211.58.86.154
185,563,185,3431,Female,73.122.100.234
186,539,186,226,Female,238.114.132.156
187,351,187,5405,Female,124.135.46.196
188,771,188,5922,Female,2.53.59.228
189,407,189,9191,Male,99.222.184.136
190,108,190,3821,Male,88.250.98.217
191,787,191,1495,Male,152.211.144.162
192,430,192,7350,Male,253.161.223.166
193,473,193,5587,Male,6.88.129.126
194,486,194,7413,Female,29.59.5.100
195,899,195,8800,Male,29.207.46.231
196,204,196,5444,Male,39.156.232.138
197,443,197,553,Female,30.140.35.111
198,970,198,6243,Male,219.158.135.17
199,243,199,1354,Male,134.215.202.137
200,166,200,8321,Male,218.118.7.147
201,872,201,9327,Female,51.189.127.4
202,84,202,-126,Female,88.113.112.212
203,326,203,8822,Male,155.242.115.138
204,403,204,9451,Female,48.21.230.121
205,236,205,7451,Male,37.67.101.227
206,434,206,4044,Female,12.25.122.232
207,754,207,7717,Female,36.97.233.226
208,721,208,682,Male,56.222.59.215
209,890,209,4210,Male,110.214.249.211
210,96,210,4562,Female,98.43.190.154
211,355,211,5706,Female,176.55.116.168
212,461,212,8457,Male,142.17.221.46
213,851,213,429,Female,199.140.77.37
214,397,214,2236,Male,67.74.95.72
215,152,215,2271,Male,183.225.109.242
216,809,216,4085,Male,157.54.140.96
217,937,217,-336,Male,206.20.48.144
218,270,218,7081,Male,236.103.71.116
219,483,219,5208,Female,193.195.100.201
220,6,220,8420,Female,234.124.36.80
221,441,221,7354,Male,98.123.243.162
222,63,222,6295,Male,159.90.218.75
223,180,223,2806,Female,137.126.132.103
224,795,224,2200,Male,91.168.217.70
225,753,225,-431,Female,207.235.93.42
226,346,226,6608,Male,95.40.68.62
227,161,227,5597,Female,154.64.168.232
228,947,228,2848,Male,105.25.216.81
229,740,229,7859,Female,89.251.231.100
230,165,230,4054,Female,177.146.199.154
231,26,231,708,Male,177.173.57.47
232,606,232,8364,Female,195.140.180.59
233,631,233,2561,Female,63.107.200.229
234,940,234,79,Female,148.39.216.76
235,88,235,7121,Female,146.41.228.5
236,694,236,7125,Female,133.168.204.188
237,31,237,5360,Male,102.91.87.50
238,735,238,8374,Male,9.31.255.107
239,496,239,-446,Female,18.21.11.96
240,353,240,-359,Female,252.195.62.61
241,991,241,-729,Female,135.22.5.28
242,869,242,5422,Male,75.133.151.248
243,825,243,7594,Male,25.162.243.38
244,409,244,9059,Female,219.169.37.91
245,676,245,9374,Male,72.132.73.69
246,88,246,9196,Male,123.139.208.154
247,752,247,2141,Male,84.235.46.77
248,759,248,8562,Male,195.33.135.105
249,204,249,9406,Female,136.180.61.19
250,553,250,9015,Female,104.129.248.21
251,109,251,5461,Female,234.7.1.232
252,867,252,3633,Male,179.186.156.10
253,151,253,596,Male,36.73.91.154
254,71,254,591,Female,99.133.245.255
255,286,255,2204,Male,139.82.110.194
256,3,256,4951,Male,86.224.155.130
257,561,257,6401,Male,5.124.185.129
258,284,258,4862,Female,86.234.93.81
259,94,259,1568,Female,117.103.132.238
260,924,260,4687,Female,64.212.4.43
261,871,261,9488,Male,209.186.35.68
262,517,262,4556,Female,111.237.29.101
263,912,263,8792,Male,22.216.101.248
264,100,264,9800,Male,1.191.79.166
265,949,265,2110,Female,23.15.192.17
266,414,266,1826,Female,202.190.167.50
267,157,267,9379,Male,181.102.208.63
268,567,268,-177,Female,201.226.242.221
269,232,269,6989,Male,187.200.1.96
270,910,270,9820,Male,220.103.198.35
271,795,271,3090,Female,249.137.91.56
272,479,272,3570,Male,236.31.127.78
273,239,273,8760,Female,127.235.149.245
274,887,274,5655,Male,85.111.220.220
275,490,275,3108,Male,39.238.139.159
276,214,276,4444,Female,102.184.0.249
277,338,277,2968,Female,201.15.126.153
278,767,278,9491,Female,89.35.191.90
279,775,279,2061,Female,19.204.35.201
280,836,280,3017,Female,93.127.124.216
281,270,281,1480,Male,254.226.31.144
282,3,282,4190,Female,71.18.212.75
283,194,283,-966,Male,139.21.13.252
284,645,284,7400,Male,168.3.187.242
285,661,285,6743,Male,24.131.115.162
286,359,286,-355,Male,252.254.87.88
287,82,287,8882,Female,184.40.127.235
288,128,288,8505,Female,175.158.106.183
289,111,289,4824,Male,68.82.21.206
290,663,290,2793,Male,63.188.131.234
291,887,291,745,Female,240.67.186.182
292,995,292,3196,Female,6.120.127.0
293,546,293,1860,Female,124.176.157.75
294,439,294,3725,Male,8.191.73.156
295,134,295,5619,Male,92.169.206.54
296,470,296,9522,Female,43.35.200.35
297,313,297,2562,Female,145.142.250.217
298,116,298,3049,Male,42.83.1.1
299,853,299,4511,Male,30.64.178.236
300,470,300,3241,Male,233.57.3.47
301,16,301,7448,Female,1.26.11.44
302,185,302,5944,Female,213.243.2.110
303,369,303,5972,Female,40.191.76.238
304,550,304,3609,Female,209.179.227.92
305,922,305,5404,Male,92.50.110.188
306,40,306,3615,Male,168.1.207.0
307,235,307,-723,Female,40.123.4.69
308,952,308,7505,Male,64.85.187.172
309,76,309,9094,Male,123.50.146.56
310,607,310,2002,Female,168.233.235.66
311,579,311,9086,Male,175.215.40.103
312,71,312,-277,Female,128.239.122.126
313,176,313,-504,Female,136.0.239.139
314,258,314,4513,Female,40.55.8.60
315,309,315,5707,Female,216.171.7.120
316,991,316,9737,Female,104.124.5.78
317,327,317,6164,Male,129.42.198.34
318,148,318,2782,Male,160.142.91.223
319,206,319,7753,Female,209.200.183.220
320,375,320,8181,Male,150.228.165.169
321,922,321,8062,Male,147.216.213.3
322,816,322,8399,Male,144.142.205.250
323,755,323,-421,Male,206.76.234.151
324,444,324,1104,Male,69.114.22.121
325,433,325,4019,Female,112.161.79.67
326,418,326,2886,Male,144.153.43.130
327,457,327,7575,Female,151.148.75.135
328,155,328,9166,Male,52.107.120.57
329,477,329,7056,Female,241.198.172.167
330,935,330,-155,Female,232.69.215.161
331,680,331,8128,Female,38.207.39.176
332,173,332,5850,Male,199.69.138.34
333,48,333,2685,Female,45.106.163.34
334,864,334,8495,Female,217.254.44.23
335,961,335,4664,Female,61.75.218.40
336,908,336,9400,Female,215.97.162.49
337,167,337,2129,Male,67.134.160.53
338,342,338,3808,Male,201.120.74.113
339,435,339,7519,Female,136.9.24.169
340,402,340,-790,Male,151.94.237.157
341,478,341,9511,Male,0.8.91.132
342,782,342,2869,Male,11.178.0.129
343,386,343,3972,Female,31.84.191.228
344,913,344,3201,Female,184.161.19.105
345,704,345,3961,Male,114.200.71.135
346,78,346,8057,Female,214.146.32.71
347,55,347,8006,Female,119.185.179.15
348,917,348,7262,Female,82.229.19.86
349,884,349,4486,Male,62.181.105.220
350,477,350,284,Male,22.161.19.75
351,724,351,2027,Male,143.148.162.77
352,905,352,251,Female,111.2.225.117
353,334,353,2408,Female,227.92.167.159
354,843,354,8713,Female,220.156.178.40
355,235,355,59,Female,183.100.34.166
356,842,356,7885,Female,76.117.54.103
357,195,357,2691,Female,208.109.233.69
358,323,358,7290,Female,110.85.68.174
359,908,359,-692,Male,127.81.170.159
360,536,360,9189,Female,101.105.225.33
361,314,361,1182,Female,185.13.6.185
362,85,362,5611,Male,188.24.121.150
363,290,363,5056,Female,162.244.238.65
364,587,364,7772,Female,127.179.89.89
365,493,365,-583,Male,125.57.70.67
366,57,366,4344,Male,194.213.16.101
367,584,367,5424,Female,160.190.80.30
368,724,368,775,Female,191.68.181.87
369,329,369,991,Male,18.162.82.232
370,43,370,1497,Male,167.19.117.147
371,225,371,7136,Female,179.170.21.119
372,188,372,7890,Male,229.64.42.198
373,893,373,8273,Female,88.216.126.127
374,857,374,1431,Male,226.87.51.109
375,227,375,14,Male,224.100.14.149
376,903,376,4876,Male,255.155.49.76
377,788,377,726,Female,107.41.11.103
378,426,378,-405,Female,53.188.74.240
379,156,379,4753,Male,99.167.171.137
380,131,380,112,Male,25.65.108.166
381,678,381,3504,Male,116.170.67.154
382,929,382,8647,Male,110.141.76.117
383,77,383,161,Female,235.153.125.148
384,656,384,998,Male,82.10.80.121
385,911,385,3761,Female,106.54.83.209
386,876,386,6702,Female,186.146.136.63
387,458,387,4262,Female,239.147.103.125
388,610,388,1422,Female,85.9.179.43
389,64,389,8361,Female,188.157.230.3
390,612,390,9899,Male,202.145.182.181
391,894,391,9328,Male,162.133.84.208
392,560,392,1253,Female,210.35.196.225
393,17,393,5147,Female,200.41.195.207
394,598,394,3152,Male,116.191.87.12
395,258,395,1021,Male,196.6.35.47
396,519,396,7252,Male,194.222.61.197
397,824,397,7500,Male,71.69.41.71
398,64,398,3369,Male,245.249.45.84
399,273,399,6054,Female,53.148.47.30
400,226,400,6270,Male,169.55.41.38
401,585,401,4823,Male,102.14.112.177
402,445,402,1730,Female,57.54.123.11
403,908,403,6312,Female,125.140.2.31
404,735,404,1158,Male,22.32.89.69
405,538,405,9433,Female,204.214.249.253
406,147,406,2202,Female,141.120.163.112
407,77,407,8409,Female,15.52.137.246
408,76,408,7515,Male,169.68.141.16
409,61,409,4152,Female,8.43.49.109
410,117,410,4592,Female,212.56.38.163
411,501,411,380,Female,78.247.171.209
412,623,412,7249,Male,120.145.92.234
413,955,413,347,Female,144.10.243.248
414,516,414,4417,Female,104.154.132.116
415,495,415,9434,Male,218.225.34.188
416,88,416,9389,Male,53.87.169.6
417,833,417,8014,Male,168.147.87.199
418,946,418,8255,Male,239.8.85.71
419,645,419,3901,Female,46.156.165.20
420,38,420,3599,Male,144.140.43.82
421,871,421,7009,Male,138.211.117.164
422,397,422,8533,Female,245.10.79.228
423,122,423,7813,Male,92.37.207.62
424,538,424,8279,Female,253.88.133.137
425,666,425,5125,Male,84.103.248.105
426,220,426,3433,Female,222.73.15.190
427,693,427,3443,Female,194.71.180.147
428,531,428,-334,Male,157.100.122.9
429,679,429,598,Female,174.180.146.202
430,638,430,488,Female,232.65.51.108
431,201,431,9071,Female,163.108.159.119
432,788,432,7157,Male,32.9.207.211
433,758,433,4818,Female,161.17.224.172
434,98,434,9855,Female,52.215.72.146
435,545,435,7499,Female,30.97.202.234
436,782,436,9663,Female,43.174.162.40
437,42,437,9133,Female,186.140.48.252
438,873,438,-808,Female,184.33.34.169
439,443,439,4132,Female,225.251.228.89
440,948,440,3103,Female,31.152.209.253
441,628,441,9433,Female,246.130.228.179
442,653,442,9498,Male,161.218.136.39
443,168,443,1415,Female,172.79.192.201
444,482,444,-603,Female,61.148.194.236
445,155,445,6327,Male,43.64.237.131
446,785,446,5620,Female,39.75.74.62
447,355,447,6880,Male,112.46.101.212
448,2,448,4245,Female,8.9.247.185
449,176,449,3322,Male,16.189.254.145
450,963,450,3973,Female,29.189.62.154
451,305,451,9442,Female,86.156.112.202
452,38,452,4916,Female,195.180.192.175
453,964,453,2432,Female,249.55.1.204
454,476,454,6217,Male,157.243.134.128
455,724,455,-973,Female,215.133.79.24
456,813,456,1025,Female,173.67.22.36
457,671,457,9873,Female,106.144.142.27
458,338,458,3238,Female,239.215.32.118
459,77,459,8158,Male,79.189.224.140
460,479,460,9454,Female,71.149.36.58
461,1000,461,2729,Male,163.51.12.42
462,825,462,6548,Male,151.47.200.250
463,259,463,8769,Female,211.77.207.112
464,845,464,6836,Male,119.117.119.221
465,60,465,935,Female,171.76.200.77
466,434,466,298,Female,32.93.170.110
467,280,467,999,Female,163.185.188.126
468,319,468,2594,Female,191.135.78.185
469,86,469,211,Female,94.21.93.115
470,348,470,8063,Male,91.214.206.59
471,809,471,2622,Male,55.39.155.245
472,339,472,2510,Male,214.79.35.38
473,972,473,8997,Female,231.151.13.157
474,825,474,4759,Female,59.193.100.63
475,119,475,7747,Female,183.218.70.168
476,644,476,1111,Male,189.204.4.35
477,66,477,493,Male,28.90.200.140
478,75,478,417,Male,245.112.27.22
479,26,479,5816,Male,196.119.121.97
480,986,480,2857,Male,51.18.175.49
481,901,481,9145,Male,195.196.182.81
482,192,482,1996,Female,193.131.145.133
483,11,483,4671,Male,219.83.28.57
484,488,484,-325,Male,5.89.104.56
485,287,485,6013,Male,8.96.36.66
486,658,486,1379,Male,17.191.253.226
487,910,487,7898,Male,231.128.145.20
488,500,488,5500,Male,211.139.94.235
489,584,489,9998,Female,217.125.140.87
490,507,490,2303,Female,188.71.206.235
491,293,491,9214,Male,139.49.125.108
492,51,492,3044,Female,64.223.22.65
493,69,493,1324,Male,123.189.50.164
494,200,494,5822,Female,58.52.37.75
495,7,495,933,Female,177.114.193.193
496,304,496,-167,Male,54.133.43.163
497,835,497,-96,Male,184.90.175.105
498,414,498,2684,Male,17.99.224.1
499,677,499,1920,Female,97.122.82.172
500,750,500,2482,Female,114.2.60.63
501,612,501,8927,Male,145.119.65.142
502,967,502,8105,Female,145.150.63.23
503,222,503,5745,Female,59.103.182.190
504,920,504,-763,Male,117.226.26.250
505,434,505,8171,Female,127.186.158.162
506,150,506,7347,Male,146.107.127.214
507,850,507,5610,Male,62.130.9.244
508,104,508,4814,Male,28.1.97.29
509,42,509,6534,Male,246.50.170.200
510,582,510,5979,Male,31.66.19.152
511,694,511,392,Female,140.163.113.93
512,753,512,5431,Male,52.197.186.96
513,239,513,1469,Male,25.145.176.165
514,619,514,7011,Male,131.100.9.53
515,743,515,5795,Female,206.117.171.186
516,952,516,-978,Female,73.209.86.221
517,601,517,5331,Female,248.170.44.172
518,387,518,7983,Male,197.15.64.125
519,396,519,4783,Female,214.2.68.72
520,657,520,-244,Male,171.210.73.196
521,89,521,9797,Female,40.12.61.214
522,363,522,2984,Female,81.157.152.47
523,430,523,8097,Female,101.213.104.36
524,724,524,1462,Male,236.104.70.1
525,738,525,7281,Female,250.98.30.46
526,855,526,-342,Female,160.26.164.185
527,245,527,3668,Female,48.36.84.213
528,417,528,6945,Female,20.203.182.141
529,52,529,8336,Female,135.155.99.133
530,560,530,5153,Female,179.214.3.59
531,590,531,6724,Male,46.58.123.59
532,587,532,7093,Male,179.245.12.46
533,155,533,1260,Male,47.248.100.86
534,451,534,3323,Female,165.203.43.25
535,388,535,7479,Male,201.242.87.55
536,801,536,9733,Female,94.230.153.2
537,200,537,1615,Male,180.192.147.104
538,974,538,8539,Male,189.79.66.106
539,655,539,1085,Male,25.92.252.157
540,569,540,1884,Female,55.87.197.133
541,5,541,6087,Female,92.38.141.22
542,929,542,8824,Female,177.222.139.70
543,85,543,4889,Female,8.203.217.75
544,224,544,2010,Male,178.203.227.19
545,607,545,2778,Female,192.228.9.183
546,885,546,1976,Male,76.23.103.201
547,544,547,6211,Male,147.226.208.137
548,644,548,6891,Male,162.108.25.199
549,233,549,2092,Female,173.39.78.171
550,405,550,7006,Male,169.225.136.67
551,46,551,4778,Female,165.196.193.126
552,938,552,7732,Male,145.18.9.157
553,210,553,3084,Male,10.33.165.111
554,975,554,-217,Male,116.18.134.112
555,399,555,5955,Male,95.37.42.227
556,837,556,4949,Male,253.161.225.118
557,867,557,8956,Female,242.196.200.239
558,861,558,3730,Female,18.25.183.110
559,158,559,6151,Female,95.216.104.34
560,100,560,1636,Male,69.79.136.118
561,454,561,2175,Male,4.193.87.35
562,203,562,8063,Male,40.117.152.145
563,774,563,-49,Female,109.206.54.40
564,689,564,4807,Female,123.108.151.245
565,707,565,7636,Male,218.56.17.167
566,819,566,1619,Female,130.66.136.120
567,918,567,-77,Male,128.33.175.231
568,316,568,-153,Female,56.161.21.205
569,627,569,6276,Female,4.115.55.232
570,522,570,5732,Male,118.91.45.32
571,600,571,252,Female,120.237.163.45
572,660,572,8445,Male,249.143.81.70
573,728,573,7359,Male,216.147.160.71
574,749,574,-299,Female,131.170.211.38
575,378,575,8643,Female,24.98.234.114
576,987,576,9644,Male,238.81.94.186
577,13,577,844,Female,24.125.73.57
578,691,578,-686,Female,143.111.148.179
579,40,579,5412,Male,69.130.44.201
580,831,580,8641,Female,130.83.6.161
581,891,581,8345,Male,231.20.183.146
582,823,582,5405,Female,114.142.39.47
583,519,583,7155,Female,125.188.2.148
584,800,584,2849,Female,67.133.65.205
585,876,585,4649,Male,17.221.148.141
586,733,586,5330,Male,128.167.72.21
587,438,587,7136,Female,85.225.245.69
588,568,588,2998,Female,212.0.48.68
589,423,589,9711,Female,95.152.57.244
590,698,590,-427,Male,211.176.48.69
591,840,591,2215,Male,215.85.63.70
592,875,592,6490,Male,128.47.234.60
593,625,593,777,Female,194.17.205.90
594,914,594,7187,Female,239.44.129.46
595,807,595,9989,Female,50.204.59.120
596,668,596,9471,Female,4.105.119.217
597,685,597,8534,Female,236.91.65.215
598,527,598,86,Male,101.166.187.67
599,218,599,2773,Female,161.114.72.141
600,341,600,-559,Male,4.66.86.81
601,146,601,6974,Male,141.130.81.186
602,498,602,9250,Female,224.134.65.193
603,908,603,5403,Male,188.43.240.177
604,194,604,5297,Male,105.181.84.65
605,615,605,5317,Male,254.228.176.97
606,998,606,8504,Male,38.240.56.215
607,358,607,7571,Female,245.45.136.9
608,398,608,3390,Female,117.196.72.212
609,850,609,-795,Female,40.199.64.240
610,639,610,6222,Male,119.118.213.188
611,415,611,6265,Female,171.72.167.41
612,502,612,2745,Male,32.85.129.233
613,455,613,-224,Female,52.230.99.68
614,44,614,286,Female,109.50.165.130
615,177,615,3845,Male,140.154.210.147
616,94,616,7261,Female,111.179.229.231
617,397,617,7169,Male,77.146.5.74
618,322,618,2436,Male,190.121.168.173
619,851,619,6343,Male,217.218.188.255
620,371,620,6393,Female,20.93.35.250
621,688,621,5485,Male,69.26.101.78
622,812,622,8261,Female,122.25.193.236
623,490,623,7286,Male,180.234.225.205
624,398,624,4698,Male,110.245.211.128
625,489,625,2203,Male,159.68.147.59
626,483,626,117,Female,12.119.118.11
627,156,627,6535,Male,213.28.22.238
628,684,628,567,Male,7.5.148.92
629,305,629,778,Female,143.160.193.135
630,768,630,-81,Female,122.72.32.243
631,200,631,9077,Male,16.195.100.14
632,716,632,5990,Male,16.124.106.13
633,969,633,1988,Female,224.168.12.239
634,570,634,4048,Female,207.226.249.254
635,759,635,2242,Male,255.201.123.98
636,864,636,6218,Male,25.199.220.164
637,289,637,6612,Female,64.191.7.31
638,913,638,9772,Male,53.176.237.65
639,151,639,3262,Female,104.79.191.138
640,356,640,3716,Female,89.84.91.233
641,941,641,5570,Female,86.61.159.128
642,581,642,-631,Female,209.18.211.201
643,434,643,2305,Female,100.220.231.216
644,555,644,576,Female,63.98.63.9
645,258,645,4537,Female,103.8.56.35
646,969,646,4588,Female,171.251.31.58
647,869,647,2762,Female,185.235.78.25
648,554,648,5118,Male,248.100.244.86
649,275,649,9857,Female,230.157.226.135
650,621,650,8533,Male,93.214.245.204
651,298,651,3195,Male,193.154.127.50
652,53,652,9289,Male,206.225.41.39
653,542,653,7798,Female,136.21.254.255
654,361,654,9319,Male,247.128.172.18
655,872,655,9341,Male,61.246.40.118
656,614,656,1654,Female,75.159.54.145
657,2,657,4439,Female,63.113.188.8
658,680,658,3838,Female,27.174.209.206
659,456,659,4807,Male,13.50.177.137
660,143,660,5149,Female,237.88.15.230
661,332,661,7530,Male,63.201.62.45
662,841,662,-14,Male,169.85.180.112
663,463,663,6162,Male,101.173.87.58
664,902,664,6595,Female,43.105.137.135
665,162,665,4674,Male,95.131.151.61
666,754,666,440,Female,229.38.167.3
667,398,667,2695,Male,232.33.135.25
668,359,668,6882,Female,163.176.129.158
669,890,669,4297,Female,90.43.156.47
670,689,670,-956,Male,32.12.34.149
671,958,671,-689,Male,95.179.162.234
672,364,672,2459,Female,72.137.122.16
673,652,673,6329,Male,96.160.20.125
674,32,674,7161,Female,71.250.214.146
675,482,675,-378,Male,127.13.230.168
676,827,676,2560,Female,83.63.85.225
677,314,677,1464,Female,156.121.102.74
678,871,678,8093,Female,117.193.177.27
679,160,679,8928,Female,213.197.165.28
680,829,680,9615,Female,113.30.109.86
681,168,681,328,Male,17.23.6.56
682,458,682,3660,Male,111.70.110.114
683,849,683,3988,Male,41.220.228.235
684,870,684,-909,Male,35.116.135.74
685,438,685,-717,Female,99.181.231.96
686,824,686,7390,Male,52.7.92.214
687,198,687,1133,Male,208.14.89.74
688,600,688,8989,Female,78.175.255.12
689,736,689,7998,Male,169.152.212.204
690,74,690,9316,Female,207.31.231.134
691,215,691,2533,Female,116.158.130.110
692,667,692,6342,Female,154.242.167.182
693,841,693,-155,Male,58.135.52.93
694,866,694,86,Female,127.172.238.180
695,569,695,497,Male,22.138.221.13
696,215,696,2898,Male,66.243.43.62
697,141,697,3435,Female,183.0.106.74
698,2,698,281,Male,70.153.169.74
699,909,699,8599,Male,71.50.13.237
700,371,700,8144,Female,153.59.163.79
701,738,701,2346,Male,194.210.218.172
702,352,702,8591,Female,178.215.153.230
703,687,703,7483,Female,17.228.91.157
704,347,704,1520,Male,27.244.240.22
705,840,705,2119,Male,247.68.164.246
706,20,706,1086,Female,214.15.112.173
707,529,707,7153,Male,63.62.153.1
708,560,708,1970,Male,180.123.57.149
709,703,709,8569,Male,64.255.178.227
710,297,710,9334,Female,39.128.254.89
711,536,711,9949,Male,117.28.231.21
712,684,712,8214,Female,89.208.233.154
713,858,713,6651,Female,199.170.158.255
714,897,714,1445,Female,32.90.191.240
715,679,715,762,Male,228.21.134.228
716,583,716,7949,Female,162.215.224.224
717,570,717,9024,Female,229.103.164.164
718,908,718,-253,Male,137.239.191.106
719,162,719,431,Male,178.207.134.218
720,534,720,5267,Female,167.222.209.185
721,864,721,9031,Female,168.109.59.12
722,837,722,1528,Male,120.10.212.242
723,87,723,-742,Female,118.200.108.255
724,164,724,5177,Female,249.8.106.120
725,576,725,6935,Female,81.165.160.235
726,353,726,-93,Female,204.57.237.164
727,705,727,9184,Female,225.52.40.79
728,773,728,1017,Male,173.81.162.187
729,758,729,4533,Female,219.214.246.51
730,579,730,3840,Female,129.239.50.156
731,518,731,7187,Female,217.184.80.144
732,706,732,4194,Female,91.97.172.40
733,291,733,1356,Male,192.15.83.246
734,91,734,5460,Female,170.15.179.172
735,319,735,2973,Female,244.105.205.237
736,116,736,861,Male,101.81.169.105
737,21,737,6232,Female,35.28.190.9
738,438,738,9874,Male,251.54.212.129
739,340,739,8687,Male,143.214.180.249
740,485,740,3844,Male,154.134.58.35
741,245,741,344,Female,232.230.115.129
742,969,742,2443,Female,165.217.216.30
743,400,743,2479,Female,248.243.66.164
744,268,744,6760,Female,155.17.43.64
745,1000,745,-747,Male,200.35.174.122
746,630,746,1005,Female,129.128.45.184
747,532,747,7647,Male,28.49.227.228
748,946,748,1779,Male,131.198.4.62
749,97,749,3885,Female,41.209.172.43
750,328,750,6845,Male,199.85.148.21
751,93,751,3315,Male,58.162.228.231
752,354,752,8684,Male,136.26.167.113
753,259,753,9597,Female,54.2.224.251
754,452,754,3102,Male,244.184.40.111
755,400,755,4273,Female,37.214.109.206
756,339,756,6654,Male,2.206.18.159
757,698,757,3248,Male,155.58.222.186
758,328,758,3284,Female,208.58.26.38
759,396,759,2271,Female,213.134.151.159
760,145,760,4151,Female,112.160.248.40
761,774,761,7883,Female,41.238.141.45
762,682,762,3065,Female,170.115.142.220
763,460,763,8904,Male,140.144.32.183
764,588,764,3235,Male,202.75.81.237
765,643,765,7877,Male,20.167.182.47
766,927,766,7187,Female,212.103.69.34
767,438,767,4859,Male,138.192.222.227
768,45,768,2380,Female,140.28.188.209
769,649,769,5594,Male,79.182.126.191
770,679,770,1141,Male,46.91.223.161
771,842,771,617,Male,197.213.248.227
772,145,772,5561,Female,163.233.42.37
773,503,773,6258,Female,25.170.27.115
774,889,774,3794,Male,218.141.102.131
775,234,775,5248,Male,125.131.117.245
776,654,776,5023,Male,88.176.101.175
777,402,777,8303,Male,194.190.51.242
778,207,778,6468,Female,129.240.72.211
779,913,779,6246,Female,41.138.198.234
780,136,780,7041,Female,235.35.201.183
781,711,781,5618,Male,138.155.185.141
782,76,782,2394,Male,90.63.144.111
783,286,783,9737,Female,210.16.10.149
784,323,784,3687,Female,41.228.183.204
785,173,785,671,Female,37.240.139.234
786,515,786,2727,Male,4.107.50.18
787,90,787,4218,Male,228.167.156.246
788,802,788,1242,Female,245.81.74.253
789,626,789,6474,Male,109.241.182.83
790,661,790,9748,Male,163.187.109.159
791,259,791,3394,Female,222.178.215.109
792,759,792,9282,Female,18.147.71.227
793,16,793,205,Female,48.193.61.247
794,708,794,3193,Female,200.198.66.69
795,639,795,3520,Female,70.68.175.113
796,466,796,3121,Female,233.189.118.208
797,72,797,5222,Male,74.137.28.212
798,906,798,2221,Male,39.187.75.120
799,188,799,5883,Female,98.88.165.1
800,779,800,6766,Female,93.255.32.135
801,376,801,-583,Female,217.36.238.122
802,233,802,-673,Female,149.194.92.65
803,282,803,2006,Female,56.158.182.16
804,611,804,-865,Female,122.94.218.53
805,484,805,4424,Male,68.32.162.201
806,125,806,1159,Female,114.23.221.190
807,584,807,911,Male,90.15.179.219
808,922,808,274,Male,64.220.81.240
809,585,809,4119,Female,139.53.122.28
810,517,810,14,Female,170.226.113.198
811,749,811,3888,Female,22.93.70.6
812,19,812,4038,Male,111.120.248.92
813,929,813,7706,Male,166.226.181.121
814,838,814,5129,Male,151.243.247.199
815,737,815,7563,Female,37.49.102.152
816,189,816,9347,Female,107.231.157.0
817,180,817,7806,Female,17.120.171.48
818,658,818,-794,Male,235.173.122.17
819,487,819,3669,Male,244.49.239.72
820,100,820,7090,Male,184.233.228.66
821,284,821,7837,Female,252.131.150.20
822,453,822,4322,Female,74.93.206.203
823,626,823,2880,Male,172.44.253.142
824,917,824,6979,Female,58.115.25.23
825,544,825,5263,Male,26.40.182.106
826,952,826,2840,Female,185.96.210.228
827,852,827,5792,Male,237.12.245.82
828,45,828,5237,Male,210.6.130.106
829,393,829,2015,Male,68.31.9.70
830,497,830,4360,Male,203.119.47.132
831,812,831,7298,Male,220.253.143.17
832,357,832,443,Female,220.57.100.162
833,297,833,-862,Female,170.210.178.104
834,571,834,752,Female,165.79.228.172
835,207,835,-810,Female,51.88.84.182
836,846,836,6911,Male,38.79.22.8
837,678,837,4121,Male,4.90.105.227
838,716,838,7402,Male,83.116.164.128
839,781,839,1209,Male,185.10.28.254
840,295,840,8716,Female,4.102.163.230
841,439,841,6263,Male,238.54.169.198
842,573,842,3172,Female,27.143.99.61
843,146,843,1304,Female,241.37.109.56
844,101,844,5790,Female,15.193.0.20
845,79,845,6464,Female,249.247.60.18
846,343,846,8230,Male,78.20.151.203
847,174,847,9815,Female,95.98.148.127
848,451,848,3254,Male,65.250.52.123
849,539,849,8350,Male,136.196.92.123
850,721,850,7494,Male,11.168.174.9
851,678,851,6583,Male,179.118.242.131
852,173,852,9998,Female,115.233.78.11
853,636,853,8900,Female,74.109.215.199
854,531,854,7562,Male,240.227.220.141
855,276,855,7436,Female,124.106.8.89
856,141,856,3443,Male,203.35.106.7
857,80,857,1473,Female,36.34.218.195
858,413,858,675,Male,36.32.208.85
859,165,859,5202,Female,233.75.121.29
860,672,860,4274,Female,95.12.111.151
861,310,861,4085,Female,13.110.39.126
862,754,862,6633,Female,16.229.18.122
863,603,863,8478,Female,68.152.111.103
864,127,864,1954,Male,28.102.56.115
865,406,865,8506,Male,200.22.193.54
866,680,866,3553,Male,127.21.104.69
867,917,867,5087,Female,184.21.18.198
868,891,868,2867,Male,29.165.3.255
869,503,869,5096,Male,155.204.204.149
870,110,870,1749,Male,102.173.139.28
871,840,871,8769,Female,167.196.99.34
872,430,872,5597,Female,85.35.97.254
873,781,873,8316,Male,253.61.251.216
874,217,874,-203,Male,146.122.77.65
875,137,875,2538,Female,109.10.92.55
876,426,876,2505,Male,64.11.137.161
877,413,877,936,Male,78.203.123.69
878,418,878,417,Male,45.202.4.80
879,582,879,8839,Male,131.118.227.162
880,130,880,5657,Male,80.217.60.196
881,992,881,4513,Male,89.92.5.8
882,645,882,9237,Male,77.11.55.117
883,408,883,3294,Female,61.182.26.232
884,609,884,5290,Male,85.63.116.33
885,230,885,3509,Female,203.197.103.78
886,783,886,411,Male,26.110.145.149
887,593,887,9682,Male,32.58.140.82
888,11,888,3447,Male,223.169.138.176
889,267,889,8043,Female,112.151.211.104
890,750,890,5460,Male,20.41.131.230
891,896,891,993,Female,7.14.134.150
892,887,892,-848,Female,166.21.225.202
893,460,893,331,Female,167.62.39.239
894,967,894,6205,Female,105.82.114.165
895,904,895,5112,Male,205.91.203.111
896,120,896,7768,Male,202.239.79.122
897,90,897,4325,Female,215.163.46.28
898,163,898,4644,Male,231.31.179.7
899,109,899,4772,Female,19.216.36.38
900,64,900,-161,Female,35.144.47.191
901,944,901,3100,Female,210.5.173.162
902,341,902,-491,Male,19.77.49.188
903,979,903,5846,Male,170.144.123.41
904,735,904,3793,Male,16.15.124.254
905,579,905,-680,Female,91.174.172.162
906,263,906,9487,Female,108.5.203.158
907,368,907,6110,Female,58.35.62.1
908,412,908,4852,Male,123.212.80.70
909,751,909,9407,Female,122.251.9.43
910,707,910,2439,Male,47.157.198.248
911,259,911,4204,Female,59.97.217.107
912,951,912,8737,Male,78.252.144.168
913,565,913,9528,Female,245.238.219.189
914,194,914,1424,Male,243.209.81.245
915,939,915,2036,Female,211.132.86.58
916,613,916,8618,Male,121.62.242.216
917,809,917,7553,Male,47.193.127.78
918,27,918,2446,Female,31.14.166.247
919,614,919,9944,Female,250.205.92.82
920,299,920,6541,Male,251.158.199.248
921,507,921,8352,Male,114.238.107.69
922,479,922,1184,Female,172.161.106.38
923,585,923,7496,Male,164.7.27.109
924,601,924,6594,Female,242.28.121.215
925,555,925,5743,Female,36.115.114.58
926,703,926,8537,Male,34.220.199.57
927,741,927,4332,Male,156.220.8.73
928,740,928,246,Female,107.231.59.233
929,367,929,3526,Female,142.91.83.105
930,884,930,4616,Male,38.249.208.166
931,509,931,9620,Male,166.59.212.248
932,675,932,4190,Male,109.127.219.155
933,444,933,-747,Male,204.182.190.143
934,156,934,1560,Female,222.41.194.226
935,989,935,6076,Male,48.150.118.50
936,15,936,8790,Male,113.121.83.114
937,138,937,5742,Female,83.182.226.99
938,258,938,828,Female,252.33.245.33
939,996,939,3172,Female,101.143.65.131
940,524,940,7850,Male,76.57.162.42
941,207,941,9916,Female,83.158.133.114
942,923,942,3442,Male,238.173.216.20
943,454,943,3653,Male,144.56.95.196
944,766,944,1084,Female,251.172.104.172
945,174,945,5538,Female,59.168.8.197
946,621,946,4621,Male,214.30.1.47
947,561,947,2621,Female,5.151.224.61
948,623,948,-209,Male,37.236.16.140
949,248,949,3360,Male,89.94.158.172
950,708,950,317,Female,200.176.64.171
951,594,951,1749,Female,68.191.163.61
952,43,952,4608,Female,214.47.231.31
953,693,953,2993,Male,62.84.125.82
954,942,954,1093,Female,214.173.55.203
955,143,955,5273,Female,229.104.250.9
956,974,956,5441,Female,31.53.58.159
957,14,957,3452,Female,117.228.211.70
958,798,958,25,Male,8.94.212.125
959,444,959,6821,Male,214.38.212.12
960,16,960,8083,Female,62.121.104.128
961,778,961,1390,Male,217.56.57.50
962,816,962,2148,Male,92.137.190.166
963,406,963,-644,Male,147.234.140.41
964,862,964,1841,Female,171.17.52.176
965,368,965,9011,Female,104.178.228.94
966,260,966,8877,Female,124.213.118.145
967,605,967,228,Male,143.1.206.134
968,859,968,7961,Male,234.8.8.21
969,262,969,9887,Female,94.243.12.247
970,280,970,1504,Male,63.251.165.9
971,386,971,2292,Male,58.236.0.227
972,519,972,3315,Male,219.222.55.209
973,404,973,1269,Female,117.173.217.81
974,254,974,2440,Female,204.220.185.91
975,81,975,2155,Female,175.142.235.102
976,307,976,5725,Male,87.63.28.60
977,800,977,9455,Female,164.45.116.139
978,760,978,4338,Female,63.40.84.89
979,8,979,1157,Female,76.121.77.241
980,192,980,7116,Male,170.15.97.112
981,565,981,2622,Male,17.149.236.199
982,593,982,1715,Male,113.172.246.123
983,868,983,8022,Female,23.121.44.46
984,132,984,3843,Female,112.101.230.139
985,614,985,-154,Male,18.141.45.204
986,691,986,495,Female,115.132.149.70
987,142,987,6523,Female,59.35.80.123
988,745,988,1176,Female,34.82.234.238
989,842,989,2506,Female,22.104.59.150
990,588,990,8569,Female,219.222.122.29
991,612,991,5096,Female,216.184.151.193
992,806,992,543,Female,237.27.129.240
993,646,993,6774,Female,25.222.243.255
994,855,994,6554,Female,54.109.211.231
995,306,995,8228,Male,220.64.4.18
996,697,996,1414,Female,251.139.221.102
997,809,997,-418,Male,239.249.101.223
998,453,998,5484,Male,57.80.145.60
999,367,999,6810,Male,116.112.187.143
1000,870,1000,7268,Female,188.142.225.181
